{"cameraMode":{"drawMode":0,"name":"Shaded","section":"Shading Mode"},"sceneLighting":true,"audioPlay":false,"sceneViewState":{"showFog":true,"showMaterialUpdate":false,"showSkybox":true,"showFlares":true,"showImageEffects":true,"showParticleSystems":true},"in2DMode":false,"pivot":{"x":988.9000244140625,"y":783.7999877929688,"z":0.0},"rotation":{"x":0.013807598501443863,"y":-0.013503199443221093,"z":0.00019231914484407753,"w":0.999835193157196},"size":1231.01171875,"orthographic":false}