{"cameraMode":{"drawMode":0,"name":"Shaded","section":"Shading Mode"},"sceneLighting":true,"audioPlay":false,"sceneViewState":{"showFog":true,"showMaterialUpdate":false,"showSkybox":true,"showFlares":true,"showImageEffects":true,"showParticleSystems":true},"in2DMode":false,"pivot":{"x":932.3741455078125,"y":760.060302734375,"z":1.8255615234375},"rotation":{"x":0.06326737254858017,"y":-0.0044952561147511009,"z":0.00029230164363980293,"w":0.9980081915855408},"size":962.3881225585938,"orthographic":false}